<?xml version="1.0" encoding="utf-8"?>
<Import>
	<!-- Creation of variable VAR1 (REGISTER) with a TEST1 branch-->
	<Group customRef="Variables" >
		<Collection type="Branches">
			<Item id="TEST1" />
		</Collection>
		<Collection type="Variables" id="TEST1">
			<Item id="VAR1">
				<Property id="Type">2</Property>
			</Item>
    	</Collection>
	</Group>
  	<!-- Archive Unit Proprietary -->
	<Group customRef="Archives" >
 	<!-- Create Archive Units -->   	
	    <Collection type="ArchiveUnits_Proprietary">
    		<Item id="UAPROP">
		    </Item> 
    	</Collection>
    <!-- Create LogFilter --> 
	    <Collection type="LogFilters_Proprietary" id="UAPROP">
    		<Item id="LOGFILTER1">
		    </Item> 
    	</Collection>
	</Group>
 	<!-- Trend of Database  --> 	
	<Group customRef="Trends" >
    	<Collection type="Trends_Proprietary" id="UAPROP">
	    	<Item id="TEST1.VAR1">
		    	<Property id="Description">DescriptionTrendProp</Property >
		    	<Property id="Primary">1</Property >
	    	</Item> 
    	</Collection>
	</Group>
</Import>
