<?xml version="1.0" encoding="utf-8"?>
<Import>
	<!-- Creation of variable VAR1 (REGISTER) with a TEST1 branch-->
	<Group customRef="Variables" >
		<Collection type="Branches">
			<Item id="TEST1" />
		</Collection>
		<Collection type="Variables" id="TEST1">
			<Item id="VAR1">
				<Property id="Type">2</Property>
			</Item>
    	</Collection>
	</Group>
 	<!-- Archive Unit Database --> 
	<Group customRef="Archives" >
 	<!-- Create Archive Units --> 
    	<Collection type="ArchiveUnits_Database">
    		<Item id="UADB">
		    </Item> 
    	</Collection>
    <!-- Create LogFilter --> 
	    <Collection type="LogFilters_Database" id="UADB">
    		<Item id="LOGFILTER2">
		    </Item> 
    	</Collection>
    <!-- Create Data Base --> 
    	<Collection type="SvDatabases">
    		<Item id="DB">
    			<Property id="Default">1</Property >
		    </Item> 
    	</Collection>
    	<Collection type="TrendTables" id="DB">
    		<Item id="TRENDS">
    			<Property id="Default">1</Property >
    		</Item>
    	</Collection>
    	<Collection type="LogTables" id="DB">
    		<Item id="LOGS">
    			<Property id="Default">1</Property >
    		</Item>
    	</Collection>
	<!-- Create Trend Group with period of 10 seconds--> 
    	<Collection type="TrendGroups">
    		<Item id="GRP10SEC">
    			<Property id="Description">Trend group 10 seconds</Property>
    			<Property id="Default">1</Property >
    			<Property id="Delay">10000</Property>
    		</Item>
    	</Collection>
	</Group>
 	<!-- Trend of Database  --> 	
	<Group customRef="Trends" >
    	<Collection type="Trends_Database" id="UADB">
			<Item id="TEST1.VAR1">
				<Property id="Description">DescriptionTrendDB</Property >
				<Property id="Primary">1</Property >
			</Item> 
		</Collection>
	</Group>
</Import>