<!-- This example show how to create a BACnet configuration -->
<Import>
  <Group customRef="Communication">
  <!-- Create a Network -->
    <Collection type="BACnetNetworks">
      <Item id="Network">
        <Property id="Description">Network generated by XML</Property>
      </Item>
    </Collection>
	<!-- Create the devices -->
	<Collection type="BACnetDevices" id="Network">
      <Item id="Device1">
      	<Property id="Description">Device 1</Property>
      	<Property id="Address">1</Property>
      	<Property id="DeviceType">0</Property>
      </Item>
	</Collection>
  </Group>
  
  <Group customRef="Variables">
	<!-- Create a Network -->
    <Collection type="Variables" id="Device1">
      <Item id="AI1">
      	<Property id="Description">Device 1/Analog input 1</Property>
      	<Property id="Type">2</Property>
      	<Property id="Source">6</Property>
      	<Property id="BACnet_NetworkName">Network</Property>
      	<Property id="BACnet_DeviceName">Device1</Property>
      	<Property id="BACnet_ObjectType">analog-input</Property>
      	<Property id="BACnet_ObjectInstance">1</Property>
		<Property id="BACnet_MonitoringType">1</Property> <!-- Confirmed COV -->
      </Item>
      <Item id="AO1">
      	<Property id="Description">Device 1/Analog output 1</Property>
      	<Property id="Type">2</Property>
      	<Property id="Source">6</Property>
      	<Property id="BACnet_NetworkName">Network</Property>
      	<Property id="BACnet_DeviceName">Device1</Property>
      	<Property id="BACnet_ObjectType">analog-output</Property>
      	<Property id="BACnet_ObjectInstance">1</Property>
      	<Property id="BACnet_MonitoringType">0</Property> <!-- Polling -->
		<Property id="BACnet_PollingPeriod">5</Property> <!-- Polling rate 5 seconds-->
      </Item>
      <Item id="AV1">
      	<Property id="Description">Device 1/Analog value 1</Property>
      	<Property id="Type">2</Property>
      	<Property id="Source">6</Property>
      	<Property id="BACnet_NetworkName">Network</Property>
      	<Property id="BACnet_DeviceName">Device1</Property>
      	<Property id="BACnet_ObjectType">analog-value</Property>
      	<Property id="BACnet_ObjectInstance">1</Property>
		<Property id="BACnet_MonitoringType">1</Property> <!-- Confirmed COV -->
      </Item>
	</Collection>
  </Group>

  </Import>