<?xml version="1.0" encoding="utf-8"?>
<Import>
	<!-- Creation of variables LOG (BIT) and REG (REGISTER) with a B1 branch-->
	<Group customRef="Variables" >
		<Collection type="Branches">
			<Item id="B1" />
		</Collection>
		<Collection type="Variables" id="B1">
			<Item id="LOG">
				<Property id="Type">1</Property>
			</Item>
			<Item id="REG">
				<Property id="Type">2</Property>
			</Item>
			<Item id="TXT"> 
				<Property id="Type">3</Property>
			</Item>
    	</Collection>
	</Group>
	<!-- Generation of events -->
	<!-- The progname, functions1 and function2 are neccessary create into SV -->
	<!-- It is not possible to do via XML -->
	<Group customRef="Events" >
    	<Collection type="ProgramEvents">
	    	<Item id="B1.REG.EVREG">
				<Property id="VarName">B1.REG</Property >
				<Property id="TriggeringCondition">1</Property >
				<Property id="ProgramName">Programe</Property >
				<Property id="ProgramFunction">function1</Property>
			</Item> 
	    	<Item id="B1.LOG.EVLOG">
				<Property id="VarName">B1.LOG</Property >
				<Property id="TriggeringCondition">1</Property >
				<Property id="ProgramName">Programe</Property >
				<Property id="ProgramFunction">function2</Property>
    		</Item> 
			<Item id="B1.TXT.EVTXT">
				<Property id="VarName">B1.TXT</Property>
				<Property id="TriggeringCondition">1</Property>
				<Property id="ProgramName">Programe</Property> 
				<Property id="ProgramFunction">function3</Property>
			</Item>
    	</Collection>
   	</Group>
</Import>