﻿<?xml version="1.0" encoding="utf-8"?>
<Import>
  <Group customRef="Variables">
    <Collection type="Variables" id="B1.B2">
      <Item id="A">
        <Property id="Type">2</Property>
        <Property id="Command">1</Property>
      </Item>
      <Item id="B">
        <Property id="Type">2</Property>
        <Property id="Command">1</Property>
      </Item>
      <Item id="SUM">
        <Property id="Type">2</Property>
      </Item>
      <Item id="MULT">
        <Property id="Type">2</Property>
      </Item>
    </Collection>
  </Group>
  <Group customRef="Expressions">
    <Collection type="OnVariableExpressions">
      <Item id="SUM">
        <Property id="Branch"></Property>
        <Property id="Description">A + B</Property>
		<Property id="VariableResult">@B1.B2.SUM</Property>
        <Property id="Expression">@B1.B2.A+@B1.B2.B</Property>
      </Item>
      <Item id="MULT">
        <Property id="Branch">B1.B2</Property>
		<Property id="VariableResult">@B1.B2.MULT</Property>
        <Property id="Description">A * B</Property>
        <Property id="Expression">A*B</Property>
      </Item>
    </Collection>
    <Collection type="TemplateExpressions">
      <Item id="TEMPLATE_SUM">
        <Property id="Description">Template A + B</Property>
        <Property id="Expression">@B1.B2.A+@B1.B2.B</Property>
      </Item>
    </Collection>	
  </Group>
</Import>