<!-- This example show the manner to create a Lonworks networks -->
<Import>
  <Group customRef="LNS">
  <!-- Create the Network TEST  -->
    <Collection type="LonworksNetworks">
      <Item id="TEST">
        <Property id="NetworkName">TESTNetName</Property>
        <Property id="SystemName">TESTSysName</Property>
      </Item>
    </Collection>
  <!-- Create the Nodes N0001, N0002 and N0003 -->
    <Collection type="LonworksNodes" id="TEST">
      <Item id="N0001">
      	<Property id="SubsystemPath">Subsystem1#Subsystem2#</Property>
      	<Property id="NodeName">Actuator 1</Property>
      </Item>
      <Item id="N0002">
      	<Property id="SubsystemPath">Subsystem1#Subsystem2#</Property>
      	<Property id="NodeName">Actuator 2</Property>
      </Item>
      <Item id="N0003">
      	<Property id="SubsystemPath">Subsystem1#Subsystem2#</Property>
      	<Property id="NodeName">Actuator 3</Property>
      </Item>
    </Collection>
  </Group>
</Import>