<!-- This example show the manner to create a communication master via ModbusTCP -->
<!-- This example create a network MBUS, an equipment E1 and various frames types -->
<Import>
  <Group customRef="Communication">
  <!-- Create the network -->
    <Collection type="CimwayNetworks">
      <Item id="MBUS">
        <Property id="ConfwayId">263</Property>
      </Item>
    </Collection>
  <!-- Create the Equipments JBUS_DEC -->
    <Collection type="CimwayEquipments" id="MBUS">
      <Item id="E1">
        <Property id="Address">1</Property>
        <Property id="ConfwayName">JBUS_DEC</Property>
        <Property id="UserAttributes">127#0#0#1#502#0#0#10#0#0</Property>
      </Item>
    </Collection>
  <!-- Create the Frames types: IW01, QW01, MW01, MW11, IFX02, QX01 each one with different configuration of Properties-->
    <Collection type="CimwayFrames" id="MBUS.E1">
      <Item id="IW01">
        <Property id="Address">0</Property>
        <Property id="DataType">2</Property>
        <Property id="DataBytesSize">250</Property>
        <Property id="DataSize">125</Property>
        <Property id="Access">R</Property>
        <Property id="ConfwayName">WordI</Property>
        <Property id="ConfwayId">2</Property>
        <Property id="Description">Physical inputs IW0-124</Property>
      </Item>
    </Collection>
    <Collection type="CimwayFrames" id="MBUS.E1">
      <Item id="QW01">
        <Property id="Address">512</Property>
        <Property id="DataType">2</Property>
        <Property id="DataBytesSize">250</Property>
        <Property id="DataSize">125</Property>
        <Property id="Access">RW</Property>
        <Property id="ConfwayName">WordI/O</Property>
        <Property id="ConfwayId">3</Property>
        <Property id="Description">Physical outputs QW0-124</Property>
      </Item>
    </Collection>
    <Collection type="CimwayFrames" id="MBUS.E1">
      <Item id="MW01">
        <Property id="Address">12288</Property>
        <Property id="DataType">2</Property>
        <Property id="DataBytesSize">242</Property>
        <Property id="DataSize">121</Property>
        <Property id="Access">RW</Property>
        <Property id="ConfwayName">WordI/O</Property>
        <Property id="ConfwayId">3</Property>
        <Property id="Description">Memory MW0-MW124</Property>
      </Item>
    </Collection>
    <Collection type="CimwayFrames" id="MBUS.E1">
      <Item id="MW11">
        <Property id="Address">13538</Property>
        <Property id="DataType">2</Property>
        <Property id="DataBytesSize">250</Property>
        <Property id="DataSize">125</Property>
        <Property id="Access">RW</Property>
        <Property id="ConfwayName">WordI/O</Property>
        <Property id="ConfwayId">3</Property>
        <Property id="Description">Memory MW1250-MW1374</Property>
      </Item>
    </Collection>
    <Collection type="CimwayFrames" id="MBUS.E1">
      <Item id="IFX02">
        <Property id="Address">10192</Property>
        <Property id="DataType">0</Property>
        <Property id="DataBytesSize">250</Property>
        <Property id="DataSize">2000</Property>
        <Property id="Access">RW</Property>
        <Property id="ConfwayName">BitI/O</Property>
        <Property id="ConfwayId">1</Property>
        <Property id="Description">Network outputs IX381.0-IX506.15</Property>
      </Item>
    </Collection>
    <Collection type="CimwayFrames" id="MBUS.E1">
      <Item id="QX01">
        <Property id="Address">512</Property>
        <Property id="DataType">0</Property>
        <Property id="DataBytesSize">64</Property>
        <Property id="DataSize">512</Property>
        <Property id="Access">RW</Property>
        <Property id="ConfwayName">BitI/O</Property>
        <Property id="ConfwayId">1</Property>
        <Property id="Description">Physical outputs QX0.0-QX31.15</Property>
      </Item>
    </Collection>
  <!-- To finish is necessary to save the configuration -->
    <Item type="CimwayConfiguration">
      <Command id="Save" OnDelete="1" />
    </Item>
  </Group>
</Import>