<?xml version="1.0" encoding="utf-8"?>
<Import>
	<!-- This project creates 2 Clients and 2 Redundant Servers -->
	
	<!-- 
	Four Stations: 
        srv1 
		srv2 
		clt1 
		clt2 
		
	One node by station:
		srv1_0
		srv2_0 
		clt1_0 
		clt2_0
		
	One association TR
		assoc include srv1_0 + srv2_0
	
	One Server List
		include assoc
	
	One Client List
		include clt1, clt2
	
	Links
		clt1_0 <-> srv2_0
		clt2_0 <-> srv2_0
		clt2_0 <-> srv1_0
		clt1_0 <-> srv1_0
	-->
		
	<Group customRef="Networks" >
	
		<!-- Creating stations  srv1, srv2, clt1, clt2 -->
		
		<Collection type="NetworkingStations">
			<Item id="srv1">
				<Property id="Description">Server1</Property >
				<Property id="Number">1</Property >
			</Item> 
		</Collection>
		
		<Collection type="NetworkingStations">
			<Item id="srv2">
				<Property id="Description">Server2</Property >
				<Property id="Number">2</Property >
			</Item> 
		</Collection>
		
		<Collection type="NetworkingStations">
			<Item id="clt1">
				<Property id="Description">Client1</Property >
				<Property id="Number">100</Property >
			</Item> 
		</Collection>
		
		<Collection type="NetworkingStations">
			<Item id="clt2">
				<Property id="Description">Client2</Property >
				<Property id="Number">101</Property >
			</Item> 
		</Collection>
		
		
		<!-- Creating nodes of srv1, srv2, clt1, clt2 (network cards)-->
		
		<Collection type="NetworkingNodes" id="srv1">
			<Item id="srv1_0">
				<Property id="Description">Node Server1</Property >
			</Item> 
		</Collection>
		
		<Collection type="NetworkingNodes" id="srv2">
			<Item id="srv2_0">
				<Property id="Description">Node Server2</Property >
			</Item> 
		</Collection>
		
		<Collection type="NetworkingNodes" id="clt1">
			<Item id="clt1_0">
				<Property id="Description">Node Clt1</Property >
			</Item> 
		</Collection>
		
		<Collection type="NetworkingNodes" id="clt2">
			<Item id="clt2_0">
				<Property id="Description">Node Clt2</Property >
			</Item> 
		</Collection>
		
		<!-- Creating associations of srv1-srv2 (redundancy)-->
		
		<Collection type="NetworkingAssociations">
			<Item id="assoc1">
				<Property id="Number">50</Property>
				<Property id="Description">Association1</Property>
				<Property id="Type">0</Property>
			</Item> 
		</Collection>
		
		<!-- Creating server list (producers) to add association -->
		
		<Collection type="NetworkingServersLists"> 
			<Item id="serversList1">   
				<Property id="Description">ServersList1</Property>
				<Property id="Type">0</Property>
			</Item>
		</Collection>
		
		<Collection type="NetworkingServerListAssociations" id="serversList1">
			<Item id="assoc1">
				<Property id="Number">11</Property>
				<Property id="Description">Networking Server List Associations 1</Property>
			</Item> 
		</Collection>
		
		<!-- Creating client list (consumers) to add clients -->
		
		<Collection type="NetworkingClientsLists"> 
			<Item id="clientsList1">   
				<Property id="Description">ClientsList1</Property>
			</Item>
		</Collection>
		
		<Collection type="NetworkingClientListStations" id="clientsList1">
			<Item id="clt1" />
			<Item id="clt2" />
		</Collection>
		
		<!-- Creating association to add the 2 servers (specifying the redundancy) -->
		
		<Collection type="NetworkingAssociationNodes" id="assoc1">
			<Item id="srv1_0" />
			<Item id="srv2_0" />
		</Collection>
		
		<!-- Creating all necessary links -->
		<Collection type="NetworkingLinks" id="clt1.clt1_0">
			<Item id="srv1_0" />
			<Item id="srv2_0" />
		</Collection>        
		
		<Collection type="NetworkingLinks" id="clt2.clt2_0">
			<Item id="srv1_0" />
			<Item id="srv2_0" />
		</Collection> 
		
		<Collection type="NetworkingLinks" id="srv1.srv1_0">
			<Item id="clt1_0" />
			<Item id="clt2_0" />
		</Collection>        
		
		<Collection type="NetworkingLinks" id="srv2.srv2_0">
			<Item id="clt1_0" />
			<Item id="clt2_0" />
		</Collection> 
	
	</Group>
</Import>