﻿<!-- This example show the manner to create an OPC connection-->
<!-- This example create one OPC SERVER and two groups-->
<!-- Then create two variables to get information from the OPC connection-->
<Import>
  <Group customRef="Communication">
    <Collection type="OpcServers">
      <Item id="Server">
        <Property id="Description">Local OPC Server</Property>
        <Property id="OpcServerProgId">OPCSoft.Sample</Property>
      </Item>
    </Collection>
    <Collection type="OpcGroups" id="Server">
      <Item id="GRP1SEC">
        <Property id="Description">1 second group</Property>
        <Property id="UpdateRate">1000</Property>
      </Item>
      <Item id="GRP10MIN">
        <Property id="Description">10 minutes group</Property>
        <Property id="UpdateRate">600000</Property>
      </Item>
    </Collection>
  </Group>
  <Group customRef="Variables">
    <Collection type="Branches">
      <Item id="BRANCH1" />
    </Collection>
    <Collection type="Variables" id="BRANCH1">
      <Item id="VAR1">
        <Property id="Description">Register</Property>
        <Property id="Type">2</Property>
        <Property id="Source">3</Property>
        <Property id="OPC_Server">Server</Property>
        <Property id="OPC_Group">GRP1SEC</Property>
        <Property id="OPC_ItemId">Device.REG1</Property>
        <Property id="Format">##.##</Property>
      </Item>
    </Collection>
    <Collection type="Variables" id="BRANCH1">
      <Item id="VAR2">
        <Property id="Description">State</Property>
        <Property id="Type">1</Property>
        <Property id="Source">3</Property>
        <Property id="OPC_Server">Server</Property>
        <Property id="OPC_Group">GRP10MIN</Property>
        <Property id="OPC_ItemId">Device.BIN1</Property>
      </Item>
    </Collection>
  </Group>
</Import>