<?xml version="1.0" encoding="UTF-8"?>
<DataConnections>
<Settings>
<Version>1</Version>
</Settings>
<SqlConnection Name="CnxAccess">
<Description/>
<DataSource>3</DataSource>
<DataProvider>System.Data.OleDb</DataProvider>
<ConnectionString>1HbbulJcxY1ohdLlbQ8d6IKH/CRr2fBqejw2GTuQLmGXUXhmhGxud0LVyJ7cK3AeGemL8nBCal8+D+e8GDUS+VlLVm1B15fYez9wE/ifFVHg/RKCvkQfBDudGCAOmIP2VriODY+RVZDcuIBYbeVRalCEZNW4APHAAvdWfx88CbI=</ConnectionString>
<CommandTimeout>60</CommandTimeout>
</SqlConnection>
<SqlConnection Name="CnxSqlServer">
<Description/>
<DataSource>1</DataSource>
<DataProvider>System.Data.SqlClient</DataProvider>
<ConnectionString>6sib+eiHYUP6lF2vgG49Q7w1FgoqjUxEHkETlCyJhWGWFbwYwaCjo0qA+8uMuQr/ue3s/kiCJkYhSDB6nOqx+5ISGBk05BATKvaYFpjq4h90GfeniHe4WWuYnP89waQhVpaaJiF1441LnwntZzNUTnaMvfk7AFckLYr1JkSy0+A=</ConnectionString>
<MSSQLServerName>.\SQLSERVER2016</MSSQLServerName>
<MSSQLAuthentificationMode>2</MSSQLAuthentificationMode>
<MSSQLDatabaseName>UDC_sample</MSSQLDatabaseName>
<CommandTimeout>60</CommandTimeout>
</SqlConnection>
</DataConnections>
